{
  "corr_1.00_conc_0.90": {
    "0": {
      "count_a_corr": {
        "loss": 5.977072589757881e-06,
        "acc": 1.0
      },
      "count_a_uncorr": {
        "loss": 10.023889422416687,
        "acc": 0.195
      },
      "count_b_corr": {
        "loss": 0.0002463515011186246,
        "acc": 1.0
      },
      "count_b_uncorr": {
        "loss": 0.11376128737902036,
        "acc": 0.99
      },
      "all_other_corr": {
        "loss": 0.037376990995003974,
        "acc": 0.9868181818181818
      },
      "all_other_uncorr": {
        "loss": 0.049571093055419624,
        "acc": 0.9854545454545455
      }
    },
    "5": {
      "count_a_corr": {
        "loss": 5.6287844358848815e-06,
        "acc": 1.0
      },
      "count_a_uncorr": {
        "loss": 10.03186583518982,
        "acc": 0.195
      },
      "count_b_corr": {
        "loss": 0.00028914302311022766,
        "acc": 1.0
      },
      "count_b_uncorr": {
        "loss": 0.11933556736039463,
        "acc": 0.99
      },
      "all_other_corr": {
        "loss": 0.03775784732882,
        "acc": 0.9872727272727273
      },
      "all_other_uncorr": {
        "loss": 0.04941708372041051,
        "acc": 0.985909090909091
      }
    },
    "10": {
      "count_a_corr": {
        "loss": 5.6180756757839845e-06,
        "acc": 1.0
      },
      "count_a_uncorr": {
        "loss": 10.034546613693237,
        "acc": 0.195
      },
      "count_b_corr": {
        "loss": 0.0002836949352058582,
        "acc": 1.0
      },
      "count_b_uncorr": {
        "loss": 0.11882151526515372,
        "acc": 0.99
      },
      "all_other_corr": {
        "loss": 0.03778811503684015,
        "acc": 0.9877272727272727
      },
      "all_other_uncorr": {
        "loss": 0.04942653936200908,
        "acc": 0.985909090909091
      }
    },
    "20": {
      "count_a_corr": {
        "loss": 5.982200889320666e-06,
        "acc": 1.0
      },
      "count_a_uncorr": {
        "loss": 10.032804489135742,
        "acc": 0.195
      },
      "count_b_corr": {
        "loss": 0.0002743550649029203,
        "acc": 1.0
      },
      "count_b_uncorr": {
        "loss": 0.11818501679590554,
        "acc": 0.99
      },
      "all_other_corr": {
        "loss": 0.03956574130903131,
        "acc": 0.9868181818181818
      },
      "all_other_uncorr": {
        "loss": 0.05166473028116993,
        "acc": 0.9854545454545455
      }
    }
  },
  "corr_1.00_conc_0.95": {
    "0": {
      "count_a_corr": {
        "loss": 7.627172010415961e-06,
        "acc": 1.0
      },
      "count_a_uncorr": {
        "loss": 9.782526850700378,
        "acc": 0.22
      },
      "count_b_corr": {
        "loss": 0.002546723415434826,
        "acc": 1.0
      },
      "count_b_uncorr": {
        "loss": 0.10660289280349389,
        "acc": 0.985
      },
      "all_other_corr": {
        "loss": 0.0401607214190465,
        "acc": 0.9863636363636363
      },
      "all_other_uncorr": {
        "loss": 0.058400677889585494,
        "acc": 0.9831818181818182
      }
    },
    "5": {
      "count_a_corr": {
        "loss": 7.405169924368238e-06,
        "acc": 1.0
      },
      "count_a_uncorr": {
        "loss": 9.837602376937866,
        "acc": 0.215
      },
      "count_b_corr": {
        "loss": 0.0028026365325786173,
        "acc": 1.0
      },
      "count_b_uncorr": {
        "loss": 0.10895520492340438,
        "acc": 0.99
      },
      "all_other_corr": {
        "loss": 0.04015853895190438,
        "acc": 0.985909090909091
      },
      "all_other_uncorr": {
        "loss": 0.0585126008572323,
        "acc": 0.9831818181818182
      }
    },
    "10": {
      "count_a_corr": {
        "loss": 7.362348043216116e-06,
        "acc": 1.0
      },
      "count_a_uncorr": {
        "loss": 9.84114134311676,
        "acc": 0.22
      },
      "count_b_corr": {
        "loss": 0.0026747793963295408,
        "acc": 1.0
      },
      "count_b_uncorr": {
        "loss": 0.10858589576673694,
        "acc": 0.99
      },
      "all_other_corr": {
        "loss": 0.04013386279860112,
        "acc": 0.985909090909091
      },
      "all_other_uncorr": {
        "loss": 0.0586862056649157,
        "acc": 0.9831818181818182
      }
    },
    "20": {
      "count_a_corr": {
        "loss": 7.61749885214158e-06,
        "acc": 1.0
      },
      "count_a_uncorr": {
        "loss": 9.840051889419556,
        "acc": 0.22
      },
      "count_b_corr": {
        "loss": 0.0025232312036678195,
        "acc": 1.0
      },
      "count_b_uncorr": {
        "loss": 0.1082871200342197,
        "acc": 0.99
      },
      "all_other_corr": {
        "loss": 0.04238087460066059,
        "acc": 0.985909090909091
      },
      "all_other_uncorr": {
        "loss": 0.06124279224979026,
        "acc": 0.9822727272727273
      }
    }
  },
  "corr_1.00_conc_1.00": {
    "0": {
      "count_a_corr": {
        "loss": 8.399694479521713e-06,
        "acc": 1.0
      },
      "count_a_uncorr": {
        "loss": 9.971080780029297,
        "acc": 0.215
      },
      "count_b_corr": {
        "loss": 14.830671310424805,
        "acc": 0.0
      },
      "count_b_uncorr": {
        "loss": 11.423108339309692,
        "acc": 0.1
      },
      "all_other_corr": {
        "loss": 2.3444755860737394,
        "acc": 0.685
      },
      "all_other_uncorr": {
        "loss": 2.3768425634929113,
        "acc": 0.6759090909090909
      }
    },
    "5": {
      "count_a_corr": {
        "loss": 0.5642320439219475,
        "acc": 0.845
      },
      "count_a_uncorr": {
        "loss": 6.473963618278503,
        "acc": 0.385
      },
      "count_b_corr": {
        "loss": 0.06209810823202133,
        "acc": 0.98
      },
      "count_b_uncorr": {
        "loss": 0.2896169610321522,
        "acc": 0.9
      },
      "all_other_corr": {
        "loss": 2.516745288031442,
        "acc": 0.6995454545454546
      },
      "all_other_uncorr": {
        "loss": 2.587420453344073,
        "acc": 0.69
      }
    },
    "10": {
      "count_a_corr": {
        "loss": 0.9213612526655197,
        "acc": 0.695
      },
      "count_a_uncorr": {
        "loss": 5.426448822021484,
        "acc": 0.335
      },
      "count_b_corr": {
        "loss": 0.15766709297895432,
        "acc": 0.955
      },
      "count_b_uncorr": {
        "loss": 0.2922259382903576,
        "acc": 0.885
      },
      "all_other_corr": {
        "loss": 2.7418845449175153,
        "acc": 0.6763636363636364
      },
      "all_other_uncorr": {
        "loss": 2.8656559569495066,
        "acc": 0.6540909090909091
      }
    },
    "20": {
      "count_a_corr": {
        "loss": 3.9520504474639893,
        "acc": 0.025
      },
      "count_a_uncorr": {
        "loss": 6.301077246665955,
        "acc": 0.14
      },
      "count_b_corr": {
        "loss": 2.027281165122986,
        "acc": 0.54
      },
      "count_b_uncorr": {
        "loss": 2.190678119659424,
        "acc": 0.53
      },
      "all_other_corr": {
        "loss": 3.718044287817819,
        "acc": 0.58
      },
      "all_other_uncorr": {
        "loss": 3.884502261025565,
        "acc": 0.5731818181818182
      }
    }
  },
  "corr_0.95_conc_0.90": {
    "0": {
      "count_a_corr": {
        "loss": 4.964458639733493e-05,
        "acc": 1.0
      },
      "count_a_uncorr": {
        "loss": 0.12158201955026016,
        "acc": 0.98
      },
      "count_b_corr": {
        "loss": 0.0007722983136773109,
        "acc": 1.0
      },
      "count_b_uncorr": {
        "loss": 0.15837613679468632,
        "acc": 0.965
      },
      "all_other_corr": {
        "loss": 0.04425147551228292,
        "acc": 0.9886363636363636
      },
      "all_other_uncorr": {
        "loss": 0.1626424836793116,
        "acc": 0.9595454545454546
      }
    },
    "5": {
      "count_a_corr": {
        "loss": 0.0002905293949879706,
        "acc": 1.0
      },
      "count_a_uncorr": {
        "loss": 0.13663743250072002,
        "acc": 0.97
      },