{
  "corr_0.00": {
    "conc_0.30": {
      "finetune_final": {
        "count_a_corr_acc": 1.0,
        "count_a_corr_loss": 0.0007021978963166475,
        "count_a_uncorr_acc": 1.0,
        "count_a_uncorr_loss": 0.00508495420217514,
        "count_b_corr_acc": 1.0,
        "count_b_corr_loss": 0.0001015316787137029,
        "count_b_uncorr_acc": 1.0,
        "count_b_uncorr_loss": 0.0007531284439513305,
        "all_other_corr_acc": 0.9936363636363637,
        "all_other_corr_loss": 0.02426641445069028,
        "all_other_uncorr_acc": 0.9892727272727273,
        "all_other_uncorr_loss": 0.0329364930442133
      },
      "reverse_final": {
        "count_a_corr_acc": 0.982,
        "count_a_corr_loss": 0.0460808154505988,
        "count_a_uncorr_acc": 0.97,
        "count_a_uncorr_loss": 0.08727112598717213,
        "count_b_corr_acc": 1.0,
        "count_b_corr_loss": 0.00010584822060385098,
        "count_b_uncorr_acc": 1.0,
        "count_b_uncorr_loss": 0.0006661140784369005,
        "all_other_corr_acc": 0.9945454545454545,
        "all_other_corr_loss": 0.021477469789056944,
        "all_other_uncorr_acc": 0.9898181818181818,
        "all_other_uncorr_loss": 0.030445685627236
      }
    },
    "conc_0.20": {
      "finetune_final": {
        "count_a_corr_acc": 1.0,
        "count_a_corr_loss": 0.0017113751188541453,
        "count_a_uncorr_acc": 0.998,
        "count_a_uncorr_loss": 0.008209181173394123,
        "count_b_corr_acc": 1.0,
        "count_b_corr_loss": 0.00010423467999013762,
        "count_b_uncorr_acc": 1.0,
        "count_b_uncorr_loss": 0.0009274638869101182,
        "all_other_corr_acc": 0.9943636363636363,
        "all_other_corr_loss": 0.022912922214941477,
        "all_other_uncorr_acc": 0.9892727272727273,
        "all_other_uncorr_loss": 0.03206230702826047
      },
      "reverse_final": {
        "count_a_corr_acc": 0.988,
        "count_a_corr_loss": 0.03441949111099044,
        "count_a_uncorr_acc": 0.984,
        "count_a_uncorr_loss": 0.05568710652490457,
        "count_b_corr_acc": 1.0,
        "count_b_corr_loss": 7.466092089695546e-05,
        "count_b_uncorr_acc": 1.0,
        "count_b_uncorr_loss": 0.0007620331186141508,
        "all_other_corr_acc": 0.994,
        "all_other_corr_loss": 0.02114155438150568,
        "all_other_uncorr_acc": 0.9903636363636363,
        "all_other_uncorr_loss": 0.030026941969669586
      }
    },
    "conc_0.50": {
      "finetune_final": {
        "count_a_corr_acc": 1.0,
        "count_a_corr_loss": 0.00023223296981692934,
        "count_a_uncorr_acc": 1.0,
        "count_a_uncorr_loss": 0.0027104359275350967,
        "count_b_corr_acc": 1.0,
        "count_b_corr_loss": 0.0001286382224255552,
        "count_b_uncorr_acc": 1.0,
        "count_b_uncorr_loss": 0.0008618459736074632,
        "all_other_corr_acc": 0.994,
        "all_other_corr_loss": 0.02531353768025493,
        "all_other_uncorr_acc": 0.9892727272727273,
        "all_other_uncorr_loss": 0.03397880582809288
      },
      "reverse_final": {
        "count_a_corr_acc": 0.984,
        "count_a_corr_loss": 0.03535174741409719,
        "count_a_uncorr_acc": 0.984,
        "count_a_uncorr_loss": 0.047493232103685536,
        "count_b_corr_acc": 1.0,
        "count_b_corr_loss": 4.766241181641817e-05,
        "count_b_uncorr_acc": 1.0,
        "count_b_uncorr_loss": 0.0004630233246037581,
        "all_other_corr_acc": 0.9943636363636363,
        "all_other_corr_loss": 0.020127689768961662,
        "all_other_uncorr_acc": 0.9901818181818182,
        "all_other_uncorr_loss": 0.030513855247308725
      }
    },
    "conc_0.10": {
      "finetune_final": {
        "count_a_corr_acc": 1.0,
        "count_a_corr_loss": 0.005104358036381503,
        "count_a_uncorr_acc": 0.994,
        "count_a_uncorr_loss": 0.019622967423250277,
        "count_b_corr_acc": 1.0,
        "count_b_corr_loss": 0.00013180643994322358,
        "count_b_uncorr_acc": 1.0,
        "count_b_uncorr_loss": 0.00097415636992082,
        "all_other_corr_acc": 0.9943636363636363,
        "all_other_corr_loss": 0.022017392938041353,
        "all_other_uncorr_acc": 0.9896363636363636,
        "all_other_uncorr_loss": 0.03159773217188997
      },
      "reverse_final": {
        "count_a_corr_acc": 0.978,
        "count_a_corr_loss": 0.05698742220799128,
        "count_a_uncorr_acc": 0.96,
        "count_a_uncorr_loss": 0.11902720232804616,
        "count_b_corr_acc": 1.0,
        "count_b_corr_loss": 8.100709116358e-05,
        "count_b_uncorr_acc": 1.0,
        "count_b_uncorr_loss": 0.0005808236746815965,
        "all_other_corr_acc": 0.9941818181818182,
        "all_other_corr_loss": 0.02061758435668488,
        "all_other_uncorr_acc": 0.99,
        "all_other_uncorr_loss": 0.030145025762914005
      }
    },
    "conc_0.40": {
      "finetune_final": {
        "count_a_corr_acc": 1.0,
        "count_a_corr_loss": 0.0003876726793047662,
        "count_a_uncorr_acc": 1.0,
        "count_a_uncorr_loss": 0.0037044611332627633,
        "count_b_corr_acc": 1.0,
        "count_b_corr_loss": 0.00011273127771952811,
        "count_b_uncorr_acc": 1.0,
        "count_b_uncorr_loss": 0.0006969829458588114,
        "all_other_corr_acc": 0.9941818181818182,
        "all_other_corr_loss": 0.023826599988187182,
        "all_other_uncorr_acc": 0.9894545454545455,
        "all_other_uncorr_loss": 0.0329216888278787
      },
      "reverse_final": {
        "count_a_corr_acc": 0.99,
        "count_a_corr_loss": 0.02364068858635922,
        "count_a_uncorr_acc": 0.986,
        "count_a_uncorr_loss": 0.04249748059858879,
        "count_b_corr_acc": 1.0,
        "count_b_corr_loss": 0.0001250568857358303,
        "count_b_uncorr_acc": 1.0,
        "count_b_uncorr_loss": 0.0006600042336989039,
        "all_other_corr_acc": 0.994,
        "all_other_corr_loss": 0.0213752163529942,
        "all_other_uncorr_acc": 0.9892727272727273,
        "all_other_uncorr_loss": 0.03008806075326745
      }
    },
    "conc_0.80": {
      "finetune_final": {
        "count_a_corr_acc": 1.0,
        "count_a_corr_loss": 8.67550479597412e-05,
        "count_a_uncorr_acc": 1.0,
        "count_a_uncorr_loss": 0.0013519089746599395,
        "count_b_corr_acc": 1.0,
        "count_b_corr_loss": 0.0005339465569704771,
        "count_b_uncorr_acc": 1.0,
        "count_b_uncorr_loss": 0.0018359587071851517,
        "all_other_corr_acc": 0.9925454545454545,
        "all_other_corr_loss": 0.029506117510930473,
        "all_other_uncorr_acc": 0.9878181818181818,
        "all_other_uncorr_loss": 0.03786446949053588
      },
      "reverse_final": {
        "count_a_corr_acc": 0.954,
        "count_a_corr_loss": 0.10242579132318497,
        "count_a_uncorr_acc": 0.954,
        "count_a_uncorr_loss": 0.11155185289680958,
        "count_b_corr_acc": 1.0,
        "count_b_corr_loss": 5.646961653837934e-05,
        "count_b_uncorr_acc": 1.0,
        "count_b_uncorr_loss": 0.0004811984423819619,
        "all_other_corr_acc": 0.9941818181818182,
        "all_other_corr_loss": 0.021666621709049774,
        "all_other_uncorr_acc": 0.988909090909091,
        "all_other_uncorr_loss": 0.03223149113533697
      }
    },
    "conc_0.60": {
      "finetune_final": {
        "count_a_corr_acc": 1.0,
        "count_a_corr_loss": 0.0001654583538766019,
        "count_a_uncorr_acc": 1.0,
        "count_a_uncorr_loss": 0.002371565846260637,
        "count_b_corr_acc": 1.0,
        "count_b_corr_loss": 0.0001336233108304441,
        "count_b_uncorr_acc": 1.0,
        "count_b_uncorr_loss": 0.0011382099934659589,
        "all_other_corr_acc": 0.9927272727272727,
        "all_other_corr_loss": 0.025846398491733546,
        "all_other_uncorr_acc": 0.9881818181818182,
        "all_other_uncorr_loss": 0.03473433109746989
      },
      "reverse_final": {
        "count_a_corr_acc": 0.978,
        "count_a_corr_loss": 0.048913968804602824,
        "count_a_uncorr_acc": 0.968,
        "count_a_uncorr_loss": 0.06364644567171733,