{
  "corr_0.75": {
    "conc_0.50": {
      "finetune_final": {
        "count_a_corr_acc": 1.0,
        "count_a_corr_loss": 0.008491719296822945,
        "count_a_uncorr_acc": 0.942,
        "count_a_uncorr_loss": 0.16788922746976218,
        "count_b_corr_acc": 1.0,
        "count_b_corr_loss": 0.000679629314011739,
        "count_b_uncorr_acc": 0.994,
        "count_b_uncorr_loss": 0.010639115663555762,
        "all_other_corr_acc": 0.9947272727272727,
        "all_other_corr_loss": 0.018971251719229823,
        "all_other_uncorr_acc": 0.9885454545454545,
        "all_other_uncorr_loss": 0.03510091740011784
      },
      "reverse_final": {
        "count_a_corr_acc": 0.996,
        "count_a_corr_loss": 0.03368720940003792,
        "count_a_uncorr_acc": 0.754,
        "count_a_uncorr_loss": 0.722340593735377,
        "count_b_corr_acc": 1.0,
        "count_b_corr_loss": 0.00024145692198847732,
        "count_b_uncorr_acc": 0.998,
        "count_b_uncorr_loss": 0.007723459488867472,
        "all_other_corr_acc": 0.9949090909090909,
        "all_other_corr_loss": 0.015380029500851504,
        "all_other_uncorr_acc": 0.9905454545454545,
        "all_other_uncorr_loss": 0.030828317689532734
      }
    },
    "conc_0.70": {
      "finetune_final": {
        "count_a_corr_acc": 1.0,
        "count_a_corr_loss": 0.004863738392790158,
        "count_a_uncorr_acc": 0.966,
        "count_a_uncorr_loss": 0.11365532502532005,
        "count_b_corr_acc": 1.0,
        "count_b_corr_loss": 0.001265501618036069,
        "count_b_uncorr_acc": 0.992,
        "count_b_uncorr_loss": 0.016653250708865624,
        "all_other_corr_acc": 0.9930909090909091,
        "all_other_corr_loss": 0.022603887474517626,
        "all_other_uncorr_acc": 0.9878181818181818,
        "all_other_uncorr_loss": 0.03963033344339708
      },
      "reverse_final": {
        "count_a_corr_acc": 0.998,
        "count_a_corr_loss": 0.026139513744662207,
        "count_a_uncorr_acc": 0.766,
        "count_a_uncorr_loss": 0.6817608078320821,
        "count_b_corr_acc": 1.0,
        "count_b_corr_loss": 0.00029948036778174963,
        "count_b_uncorr_acc": 0.998,
        "count_b_uncorr_loss": 0.008584890495209644,
        "all_other_corr_acc": 0.9949090909090909,
        "all_other_corr_loss": 0.016254364850063777,
        "all_other_uncorr_acc": 0.9907272727272727,
        "all_other_uncorr_loss": 0.031053787362280077
      }
    },
    "conc_0.10": {
      "finetune_final": {
        "count_a_corr_acc": 0.998,
        "count_a_corr_loss": 0.05424766428768635,
        "count_a_uncorr_acc": 0.714,
        "count_a_uncorr_loss": 0.9401829441388448,
        "count_b_corr_acc": 1.0,
        "count_b_corr_loss": 0.00028270294327133644,
        "count_b_uncorr_acc": 0.998,
        "count_b_uncorr_loss": 0.00633780126615117,
        "all_other_corr_acc": 0.9950909090909091,
        "all_other_corr_loss": 0.01632889747170025,
        "all_other_uncorr_acc": 0.99,
        "all_other_uncorr_loss": 0.030612340134745144
      },
      "reverse_final": {
        "count_a_corr_acc": 0.992,
        "count_a_corr_loss": 0.09588754922151566,
        "count_a_uncorr_acc": 0.614,
        "count_a_uncorr_loss": 1.3640507260958354,
        "count_b_corr_acc": 1.0,
        "count_b_corr_loss": 0.0002506706490142581,
        "count_b_uncorr_acc": 0.998,
        "count_b_uncorr_loss": 0.0077098738790179295,
        "all_other_corr_acc": 0.9950909090909091,
        "all_other_corr_loss": 0.015489294476945612,
        "all_other_uncorr_acc": 0.9905454545454545,
        "all_other_uncorr_loss": 0.030025986752850165
      }
    },
    "conc_0.90": {
      "finetune_final": {
        "count_a_corr_acc": 1.0,
        "count_a_corr_loss": 0.0030752739403396845,
        "count_a_uncorr_acc": 0.978,
        "count_a_uncorr_loss": 0.08442810053626697,
        "count_b_corr_acc": 0.996,
        "count_b_corr_loss": 0.007357093738391995,
        "count_b_uncorr_acc": 0.98,
        "count_b_uncorr_loss": 0.04584423266351223,
        "all_other_corr_acc": 0.988,
        "all_other_corr_loss": 0.03611901726027758,
        "all_other_uncorr_acc": 0.9790909090909091,
        "all_other_uncorr_loss": 0.05865578097291291
      },
      "reverse_final": {
        "count_a_corr_acc": 0.992,
        "count_a_corr_loss": 0.03853147150948644,
        "count_a_uncorr_acc": 0.66,
        "count_a_uncorr_loss": 1.0814112722873688,
        "count_b_corr_acc": 1.0,
        "count_b_corr_loss": 0.00040625014905041706,
        "count_b_uncorr_acc": 0.998,
        "count_b_uncorr_loss": 0.010554285681185624,
        "all_other_corr_acc": 0.9952727272727273,
        "all_other_corr_loss": 0.016706267925248288,
        "all_other_uncorr_acc": 0.9898181818181818,
        "all_other_uncorr_loss": 0.032147338262614636
      }
    },
    "conc_0.30": {
      "finetune_final": {
        "count_a_corr_acc": 1.0,
        "count_a_corr_loss": 0.0171608692035079,
        "count_a_uncorr_acc": 0.9,
        "count_a_uncorr_loss": 0.3041222070654233,
        "count_b_corr_acc": 1.0,
        "count_b_corr_loss": 0.0004024515352890982,
        "count_b_uncorr_acc": 0.998,
        "count_b_uncorr_loss": 0.007495481307463099,
        "all_other_corr_acc": 0.9949090909090909,
        "all_other_corr_loss": 0.01760647802890664,
        "all_other_uncorr_acc": 0.9898181818181818,
        "all_other_uncorr_loss": 0.03237092369517054
      },
      "reverse_final": {
        "count_a_corr_acc": 0.998,
        "count_a_corr_loss": 0.04963583002487818,
        "count_a_uncorr_acc": 0.74,
        "count_a_uncorr_loss": 0.8596334854761759,
        "count_b_corr_acc": 1.0,
        "count_b_corr_loss": 0.00020050223247380927,
        "count_b_uncorr_acc": 0.998,
        "count_b_uncorr_loss": 0.007581510066908474,
        "all_other_corr_acc": 0.9950909090909091,
        "all_other_corr_loss": 0.016085301766499218,
        "all_other_uncorr_acc": 0.9910909090909091,
        "all_other_uncorr_loss": 0.03044458039522428
      }
    },
    "conc_1.00": {
      "finetune_final": {
        "count_a_corr_acc": 1.0,
        "count_a_corr_loss": 0.002384464256465435,
        "count_a_uncorr_acc": 0.982,
        "count_a_uncorr_loss": 0.07194025379916032,
        "count_b_corr_acc": 0.542,
        "count_b_corr_loss": 2.4185823996861777,
        "count_b_uncorr_acc": 0.69,
        "count_b_uncorr_loss": 1.667296290397644,
        "all_other_corr_acc": 0.9181818181818182,
        "all_other_corr_loss": 0.39346502258859833,
        "all_other_uncorr_acc": 0.8767272727272727,
        "all_other_uncorr_loss": 0.6270969751580008
      },
      "reverse_final": {
        "count_a_corr_acc": 0.948,
        "count_a_corr_loss": 0.16557868694265684,
        "count_a_uncorr_acc": 0.5,
        "count_a_uncorr_loss": 2.0899460117022195,
        "count_b_corr_acc": 1.0,
        "count_b_corr_loss": 0.0005028095353433552,
        "count_b_uncorr_acc": 0.996,
        "count_b_uncorr_loss": 0.011242939702545604,
        "all_other_corr_acc": 0.9949090909090909,
        "all_other_corr_loss": 0.016568291197723614,
        "all_other_uncorr_acc": 0.9898181818181818,
        "all_other_uncorr_loss": 0.03268909664093998
      }
    }
  },
  "corr_1.00": {
    "conc_0.90": {
      "finetune_final": {
        "count_a_corr_acc": 1.0,
        "count_a_corr_loss": 0.00014572079089703038,
        "count_a_uncorr_acc": 0.204,
        "count_a_uncorr_loss": 12.801180362701416,
        "count_b_corr_acc": 0.99,
        "count_b_corr_loss": 0.05962482032676538,
        "count_b_uncorr_acc": 0.734,
        "count_b_uncorr_loss": 1.3241067032019298,
        "all_other_corr_acc": 0.9730909090909091,
        "all_other_corr_loss": 0.08916084413769944,
        "all_other_uncorr_acc": 0.9425454545454546,
        "all_other_uncorr_loss": 0.2510035588438141
      },
      "reverse_final": {
        "count_a_corr_acc": 0.996,
        "count_a_corr_loss": 0.028499198767046135,
        "count_a_uncorr_acc": 0.288,