{
  "corr_0.50": {
    "model_path": "pretrain_corr_0.50.pth",
    "final": {
      "count_a_corr_acc": 0.042,
      "count_a_corr_loss": 8.871073246002197,
      "count_a_uncorr_acc": 0.162,
      "count_a_uncorr_loss": 7.185950994491577,
      "count_b_corr_acc": 1.0,
      "count_b_corr_loss": 3.4336733506279415e-05,
      "count_b_uncorr_acc": 1.0,
      "count_b_uncorr_loss": 0.0006118848808303786,
      "all_other_corr_acc": 0.9952727272727273,
      "all_other_corr_loss": 0.012485447996306024,
      "all_other_uncorr_acc": 0.9916363636363636,
      "all_other_uncorr_loss": 0.02411675508232418
    }
  },
  "corr_1.00": {
    "model_path": "pretrain_corr_1.00.pth",
    "final": {
      "count_a_corr_acc": 0.002,
      "count_a_corr_loss": 13.07707150777181,
      "count_a_uncorr_acc": 0.304,
      "count_a_uncorr_loss": 6.089281320571899,
      "count_b_corr_acc": 0.998,
      "count_b_corr_loss": 0.002602837415300504,
      "count_b_uncorr_acc": 0.36,
      "count_b_uncorr_loss": 6.797720670700073,
      "all_other_corr_acc": 0.9947272727272727,
      "all_other_corr_loss": 0.01791263323672144,
      "all_other_uncorr_acc": 0.8423636363636363,
      "all_other_uncorr_loss": 1.7305713326766574
    }
  },
  "corr_0.25": {
    "model_path": "pretrain_corr_0.25.pth",
    "final": {
      "count_a_corr_acc": 0.0,
      "count_a_corr_loss": 10.49751329421997,
      "count_a_uncorr_acc": 0.064,
      "count_a_uncorr_loss": 10.15594752629598,
      "count_b_corr_acc": 1.0,
      "count_b_corr_loss": 7.729912886134116e-05,
      "count_b_uncorr_acc": 1.0,
      "count_b_uncorr_loss": 0.0003999825761032601,
      "all_other_corr_acc": 0.9952727272727273,
      "all_other_corr_loss": 0.012191506995240443,
      "all_other_uncorr_acc": 0.992,
      "all_other_uncorr_loss": 0.02556266218881978
    }
  },
  "corr_0.75": {
    "model_path": "pretrain_corr_0.75.pth",
    "final": {
      "count_a_corr_acc": 0.0,
      "count_a_corr_loss": 11.989600817362467,
      "count_a_uncorr_acc": 0.202,
      "count_a_uncorr_loss": 8.357085943222046,
      "count_b_corr_acc": 1.0,
      "count_b_corr_loss": 0.000100698641517738,
      "count_b_uncorr_acc": 1.0,
      "count_b_uncorr_loss": 0.0005891572266894703,
      "all_other_corr_acc": 0.9938181818181818,
      "all_other_corr_loss": 0.016743726954104955,
      "all_other_uncorr_acc": 0.9872727272727273,
      "all_other_uncorr_loss": 0.03808606295682819
    }
  }
}